kind,severity,seed,stage,cka
ablation,0.05,0,V1,0.999928
ablation,0.05,0,V2,0.996682
ablation,0.05,0,V4,0.988027
ablation,0.05,0,IT,0.915335
ablation,0.05,1,V1,0.999987
ablation,0.05,1,V2,0.997567
ablation,0.05,1,V4,0.979989
ablation,0.05,1,IT,0.913226
ablation,0.05,2,V1,0.999978
ablation,0.05,2,V2,0.999589
ablation,0.05,2,V4,0.993448
ablation,0.05,2,IT,0.903863
ablation,0.1,0,V1,0.999080
ablation,0.1,0,V2,0.996685
ablation,0.1,0,V4,0.979104
ablation,0.1,0,IT,0.821289
ablation,0.1,1,V1,0.999899
ablation,0.1,1,V2,0.995817
ablation,0.1,1,V4,0.986094
ablation,0.1,1,IT,0.752685
ablation,0.1,2,V1,0.999955
ablation,0.1,2,V2,0.996394
ablation,0.1,2,V4,0.987061
ablation,0.1,2,IT,0.818306
ablation,0.2,0,V1,0.999062
ablation,0.2,0,V2,0.995019
ablation,0.2,0,V4,0.949459
ablation,0.2,0,IT,0.593443
ablation,0.2,1,V1,0.999929
ablation,0.2,1,V2,0.998538
ablation,0.2,1,V4,0.976737
ablation,0.2,1,IT,0.569134
ablation,0.2,2,V1,0.999934
ablation,0.2,2,V2,0.993874
ablation,0.2,2,V4,0.968994
ablation,0.2,2,IT,0.605385
ablation,0.35,0,V1,0.997676
ablation,0.35,0,V2,0.990763
ablation,0.35,0,V4,0.928326
ablation,0.35,0,IT,0.472635
ablation,0.35,1,V1,0.999816
ablation,0.35,1,V2,0.975292
ablation,0.35,1,V4,0.963519
ablation,0.35,1,IT,0.487796
ablation,0.35,2,V1,0.999151
ablation,0.35,2,V2,0.973628
ablation,0.35,2,V4,0.951825
ablation,0.35,2,IT,0.464208
ablation,0.5,0,V1,0.996247
ablation,0.5,0,V2,0.950907
ablation,0.5,0,V4,0.851403
ablation,0.5,0,IT,0.485227
ablation,0.5,1,V1,0.999804
ablation,0.5,1,V2,0.969824
ablation,0.5,1,V4,0.900770
ablation,0.5,1,IT,0.429734
ablation,0.5,2,V1,0.999323
ablation,0.5,2,V2,0.950566
ablation,0.5,2,V4,0.954123
ablation,0.5,2,IT,0.426828
decay,0.01,0,V1,0.999710
decay,0.01,0,V2,0.990496
decay,0.01,0,V4,0.968126
decay,0.01,0,IT,0.955566
decay,0.01,1,V1,0.998679
decay,0.01,1,V2,0.992297
decay,0.01,1,V4,0.993960
decay,0.01,1,IT,0.951416
decay,0.01,2,V1,0.999782
decay,0.01,2,V2,0.995983
decay,0.01,2,V4,0.992258
decay,0.01,2,IT,0.970345
decay,0.03,0,V1,0.997704
decay,0.03,0,V2,0.988306
decay,0.03,0,V4,0.980923
decay,0.03,0,IT,0.900449
decay,0.03,1,V1,0.998598
decay,0.03,1,V2,0.989978
decay,0.03,1,V4,0.988170
decay,0.03,1,IT,0.877890
decay,0.03,2,V1,0.999010
decay,0.03,2,V2,0.974643
decay,0.03,2,V4,0.982666
decay,0.03,2,IT,0.824115
decay,0.06,0,V1,0.999710
decay,0.06,0,V2,0.990405
decay,0.06,0,V4,0.974874
decay,0.06,0,IT,0.743731
decay,0.06,1,V1,0.999528
decay,0.06,1,V2,0.993618
decay,0.06,1,V4,0.931535
decay,0.06,1,IT,0.727900
decay,0.06,2,V1,0.998351
decay,0.06,2,V2,0.988301
decay,0.06,2,V4,0.963916
decay,0.06,2,IT,0.667186
decay,0.1,0,V1,0.996584
decay,0.1,0,V2,0.980817
decay,0.1,0,V4,0.969259
decay,0.1,0,IT,0.574698
decay,0.1,1,V1,0.989168
decay,0.1,1,V2,0.950737
decay,0.1,1,V4,0.961503
decay,0.1,1,IT,0.543987
decay,0.1,2,V1,0.995994
decay,0.1,2,V2,0.995718
decay,0.1,2,V4,0.949285
decay,0.1,2,IT,0.536691
decay,0.16,0,V1,0.995631
decay,0.16,0,V2,0.988386
decay,0.16,0,V4,0.931512
decay,0.16,0,IT,0.421478
decay,0.16,1,V1,0.983408
decay,0.16,1,V2,0.948094
decay,0.16,1,V4,0.920247
decay,0.16,1,IT,0.377556
decay,0.16,2,V1,0.995030
decay,0.16,2,V2,0.994853
decay,0.16,2,V4,0.908463
decay,0.16,2,IT,0.479600
gain,0.1,0,V1,0.999840
gain,0.1,0,V2,0.993549
gain,0.1,0,V4,0.989404
gain,0.1,0,IT,0.975402
gain,0.1,1,V1,0.999971
gain,0.1,1,V2,0.998281
gain,0.1,1,V4,0.996744
gain,0.1,1,IT,0.968741
gain,0.1,2,V1,0.999562
gain,0.1,2,V2,0.991792
gain,0.1,2,V4,0.994503
gain,0.1,2,IT,0.962173
gain,0.2,0,V1,0.998827
gain,0.2,0,V2,0.964992
gain,0.2,0,V4,0.939751
gain,0.2,0,IT,0.882034
gain,0.2,1,V1,0.999850
gain,0.2,1,V2,0.996200
gain,0.2,1,V4,0.988797
gain,0.2,1,IT,0.877988
gain,0.2,2,V1,0.998177
gain,0.2,2,V2,0.947262
gain,0.2,2,V4,0.972296
gain,0.2,2,IT,0.869750
gain,0.35,0,V1,0.992263
gain,0.35,0,V2,0.899982
gain,0.35,0,V4,0.840750
gain,0.35,0,IT,0.666683
gain,0.35,1,V1,0.999343
gain,0.35,1,V2,0.992902
gain,0.35,1,V4,0.972405
gain,0.35,1,IT,0.763610
gain,0.35,2,V1,0.994450
gain,0.35,2,V2,0.880289
gain,0.35,2,V4,0.904157
gain,0.35,2,IT,0.661061
gain,0.5,0,V1,0.973620
gain,0.5,0,V2,0.832075
gain,0.5,0,V4,0.823074
gain,0.5,0,IT,0.489579
gain,0.5,1,V1,0.998163
gain,0.5,1,V2,0.991819
gain,0.5,1,V4,0.961268
gain,0.5,1,IT,0.656126
gain,0.5,2,V1,0.989518
gain,0.5,2,V2,0.863068
gain,0.5,2,V4,0.875088
gain,0.5,2,IT,0.373267
gain,0.7,0,V1,0.932039
gain,0.7,0,V2,0.748715
gain,0.7,0,V4,0.788592
gain,0.7,0,IT,0.364527
gain,0.7,1,V1,0.994979
gain,0.7,1,V2,0.974424
gain,0.7,1,V4,0.932866
gain,0.7,1,IT,0.539350
gain,0.7,2,V1,0.983198
gain,0.7,2,V2,0.863425
gain,0.7,2,V4,0.808819
gain,0.7,2,IT,0.455222
